Look up table showing relationship of Lower Super Output Areas (LSOAs) to Wards*,,,,,,,,,,,,,,,,
,,,,,,,,,,,,,,,,
,,,,,,,,,,,,,,,,
LSOA CODE,LSOA name,Ward code,WARD *,Local Authority,,,,,,,,,,,,
E01030330,Elmbridge 001A,E05007260,Molesey North,Elmbridge,,,,,,,,,,,,
E01030331,Elmbridge 001B,E05007260,Molesey North,Elmbridge,,,,,,,,,,,,
E01030332,Elmbridge 001C,E05007260,Molesey North,Elmbridge,,,,,,,,,,,,
E01030333,Elmbridge 001D,E05007260,Molesey North,Elmbridge,,,,,,,,,,,,
E01030326,Elmbridge 002A,E05007259,Molesey East,Elmbridge,,,,,,,,,,,,
E01030327,Elmbridge 002B,E05007259,Molesey East,Elmbridge,,,,,,,,,,,,
E01030328,Elmbridge 002C,E05007259,Molesey East,Elmbridge,,,,,,,,,,,,
E01030329,Elmbridge 002D,E05007259,Molesey East,Elmbridge,,,,,,,,,,,,
E01030334,Elmbridge 003A,E05007261,Molesey South,Elmbridge,,,,,,,,,,,,
E01030335,Elmbridge 003B,E05007261,Molesey South,Elmbridge,,,,,,,,,,,,
E01030336,Elmbridge 003C,E05007261,Molesey South,Elmbridge,,,,,,,,,,,,
E01030337,Elmbridge 003D,E05007261,Molesey South,Elmbridge,,,,,,,,,,,,
E01030361,Elmbridge 004A,E05007268,Walton North,Elmbridge,,,,,,,,,,,,
E01030362,Elmbridge 004B,E05007268,Walton North,Elmbridge,,,,,,,,,,,,
E01030363,Elmbridge 004C,E05007268,Walton North,Elmbridge,,,,,,,,,,,,
E01030364,Elmbridge 004D,E05007268,Walton North,Elmbridge,,,,,,,,,,,,
E01030350,Elmbridge 005A,E05007265,Thames Ditton,Elmbridge,,,,,,,,,,,,
E01030351,Elmbridge 005B,E05007265,Thames Ditton,Elmbridge,,,,,,,,,,,,
E01030352,Elmbridge 005C,E05007265,Thames Ditton,Elmbridge,,,,,,,,,,,,
E01030353,Elmbridge 005D,E05007265,Thames Ditton,Elmbridge,,,,,,,,,,,,
E01030322,Elmbridge 006A,E05007258,Long Ditton,Elmbridge,,,,,,,,,,,,
E01030323,Elmbridge 006B,E05007258,Long Ditton,Elmbridge,,,,,,,,,,,,
E01030324,Elmbridge 006C,E05007258,Long Ditton,Elmbridge,,,,,,,,,,,,
E01030325,Elmbridge 006D,E05007258,Long Ditton,Elmbridge,,,,,,,,,,,,
E01030357,Elmbridge 007A,E05007267,Walton Central,Elmbridge,,,,,,,,,,,,
E01030358,Elmbridge 007B,E05007267,Walton Central,Elmbridge,,,,,,,,,,,,
E01030359,Elmbridge 007C,E05007267,Walton Central,Elmbridge,,,,,,,,,,,,
E01030360,Elmbridge 007D,E05007267,Walton Central,Elmbridge,,,,,,,,,,,,
E01030354,Elmbridge 008A,E05007266,Walton Ambleside,Elmbridge,,,,,,,,,,,,
E01030355,Elmbridge 008B,E05007266,Walton Ambleside,Elmbridge,,,,,,,,,,,,
E01030356,Elmbridge 008C,E05007266,Walton Ambleside,Elmbridge,,,,,,,,,,,,
E01030365,Elmbridge 008D,E05007269,Walton South,Elmbridge,,,,,,,,,,,,
E01030368,Elmbridge 008E,E05007269,Walton South,Elmbridge,,,,,,,,,,,,
E01030319,Elmbridge 009A,E05007257,Hinchley Wood,Elmbridge,,,,,,,,,,,,
E01030320,Elmbridge 009B,E05007257,Hinchley Wood,Elmbridge,,,,,,,,,,,,
E01030321,Elmbridge 009C,E05007257,Hinchley Wood,Elmbridge,,,,,,,,,,,,
E01030369,Elmbridge 009D,E05007270,Weston Green,Elmbridge,,,,,,,,,,,,
E01030370,Elmbridge 009E,E05007270,Weston Green,Elmbridge,,,,,,,,,,,,
E01030313,Elmbridge 010A,E05007255,Hersham North,Elmbridge,,,,,,,,,,,,
E01030314,Elmbridge 010B,E05007255,Hersham North,Elmbridge,,,,,,,,,,,,
E01030366,Elmbridge 010C,E05007269,Walton South,Elmbridge,,,,,,,,,,,,
E01030367,Elmbridge 010D,E05007269,Walton South,Elmbridge,,,,,,,,,,,,
E01030338,Elmbridge 011A,E05007262,Oatlands Park,Elmbridge,,,,,,,,,,,,
E01030339,Elmbridge 011B,E05007262,Oatlands Park,Elmbridge,,,,,,,,,,,,
E01030340,Elmbridge 011C,E05007262,Oatlands Park,Elmbridge,,,,,,,,,,,,
E01030341,Elmbridge 011D,E05007262,Oatlands Park,Elmbridge,,,,,,,,,,,,
E01030371,Elmbridge 012A,E05007271,Weybridge North,Elmbridge,,,,,,,,,,,,
E01030372,Elmbridge 012B,E05007271,Weybridge North,Elmbridge,,,,,,,,,,,,
E01030373,Elmbridge 012C,E05007271,Weybridge North,Elmbridge,,,,,,,,,,,,
E01030374,Elmbridge 012D,E05007272,Weybridge South,Elmbridge,,,,,,,,,,,,
E01030375,Elmbridge 012E,E05007272,Weybridge South,Elmbridge,,,,,,,,,,,,
E01030376,Elmbridge 012F,E05007272,Weybridge South,Elmbridge,,,,,,,,,,,,
E01030307,Elmbridge 013A,E05007254,Esher,Elmbridge,,,,,,,,,,,,
E01030308,Elmbridge 013B,E05007254,Esher,Elmbridge,,,,,,,,,,,,
E01030309,Elmbridge 013C,E05007254,Esher,Elmbridge,,,,,,,,,,,,
E01030310,Elmbridge 013D,E05007254,Esher,Elmbridge,,,,,,,,,,,,
E01030311,Elmbridge 014A,E05007255,Hersham North,Elmbridge,,,,,,,,,,,,
E01030312,Elmbridge 014B,E05007255,Hersham North,Elmbridge,,,,,,,,,,,,
E01030315,Elmbridge 014C,E05007256,Hersham South,Elmbridge,,,,,,,,,,,,
E01030316,Elmbridge 014D,E05007256,Hersham South,Elmbridge,,,,,,,,,,,,
E01030317,Elmbridge 014E,E05007256,Hersham South,Elmbridge,,,,,,,,,,,,
E01030318,Elmbridge 014F,E05007256,Hersham South,Elmbridge,,,,,,,,,,,,
E01030296,Elmbridge 015A,E05007251,Claygate,Elmbridge,,,,,,,,,,,,
E01030297,Elmbridge 015B,E05007251,Claygate,Elmbridge,,,,,,,,,,,,
E01030298,Elmbridge 015C,E05007251,Claygate,Elmbridge,,,,,,,,,,,,
E01030299,Elmbridge 015D,E05007251,Claygate,Elmbridge,,,,,,,,,,,,
E01030346,Elmbridge 016A,E05007264,St George`s Hill,Elmbridge,,,,,,,,,,,,
E01030347,Elmbridge 016B,E05007264,St George`s Hill,Elmbridge,,,,,,,,,,,,
E01030348,Elmbridge 016C,E05007264,St George`s Hill,Elmbridge,,,,,,,,,,,,
E01030349,Elmbridge 016D,E05007264,St George`s Hill,Elmbridge,,,,,,,,,,,,
E01030300,Elmbridge 017A,E05007252,Cobham and Downside,Elmbridge,,,,,,,,,,,,
E01030301,Elmbridge 017B,E05007252,Cobham and Downside,Elmbridge,,,,,,,,,,,,
E01030302,Elmbridge 017C,E05007252,Cobham and Downside,Elmbridge,,,,,,,,,,,,
E01030304,Elmbridge 017D,E05007253,Cobham Fairmile,Elmbridge,,,,,,,,,,,,
E01030305,Elmbridge 017E,E05007253,Cobham Fairmile,Elmbridge,,,,,,,,,,,,
E01030306,Elmbridge 017F,E05007253,Cobham Fairmile,Elmbridge,,,,,,,,,,,,
E01030303,Elmbridge 018A,E05007252,Cobham and Downside,Elmbridge,,,,,,,,,,,,
E01030342,Elmbridge 018B,E05007263,Oxshott and Stoke D`Abernon,Elmbridge,,,,,,,,,,,,
E01030343,Elmbridge 018C,E05007263,Oxshott and Stoke D`Abernon,Elmbridge,,,,,,,,,,,,
E01030344,Elmbridge 018D,E05007263,Oxshott and Stoke D`Abernon,Elmbridge,,,,,,,,,,,,
E01030345,Elmbridge 018E,E05007263,Oxshott and Stoke D`Abernon,Elmbridge,,,,,,,,,,,,
E01030386,Epsom and Ewell 001A,E05007276,Cuddington,Epsom and Ewell,,,,,,,,,,,,
E01030387,Epsom and Ewell 001B,E05007276,Cuddington,Epsom and Ewell,,,,,,,,,,,,
E01030388,Epsom and Ewell 001C,E05007276,Cuddington,Epsom and Ewell,,,,,,,,,,,,
E01030389,Epsom and Ewell 001D,E05007276,Cuddington,Epsom and Ewell,,,,,,,,,,,,
E01030393,Epsom and Ewell 001E,E05007278,Ewell Court,Epsom and Ewell,,,,,,,,,,,,
E01030394,Epsom and Ewell 002A,E05007278,Ewell Court,Epsom and Ewell,,,,,,,,,,,,
E01030399,Epsom and Ewell 002B,E05007280,Ruxley,Epsom and Ewell,,,,,,,,,,,,
E01030400,Epsom and Ewell 002C,E05007280,Ruxley,Epsom and Ewell,,,,,,,,,,,,
E01030414,Epsom and Ewell 002D,E05007284,West Ewell,Epsom and Ewell,,,,,,,,,,,,
E01030377,Epsom and Ewell 003A,E05007273,Auriol,Epsom and Ewell,,,,,,,,,,,,
E01030378,Epsom and Ewell 003B,E05007273,Auriol,Epsom and Ewell,,,,,,,,,,,,
E01030406,Epsom and Ewell 003C,E05007282,Stoneleigh,Epsom and Ewell,,,,,,,,,,,,
E01030407,Epsom and Ewell 003D,E05007282,Stoneleigh,Epsom and Ewell,,,,,,,,,,,,
E01030408,Epsom and Ewell 003E,E05007282,Stoneleigh,Epsom and Ewell,,,,,,,,,,,,
E01030395,Epsom and Ewell 004A,E05007278,Ewell Court,Epsom and Ewell,,,,,,,,,,,,
E01030413,Epsom and Ewell 004B,E05007284,West Ewell,Epsom and Ewell,,,,,,,,,,,,
E01030415,Epsom and Ewell 004C,E05007284,West Ewell,Epsom and Ewell,,,,,,,,,,,,
E01030416,Epsom and Ewell 004D,E05007284,West Ewell,Epsom and Ewell,,,,,,,,,,,,
E01030383,Epsom and Ewell 005A,E05007275,Court,Epsom and Ewell,,,,,,,,,,,,
E01030384,Epsom and Ewell 005B,E05007275,Court,Epsom and Ewell,,,,,,,,,,,,
E01030401,Epsom and Ewell 005C,E05007280,Ruxley,Epsom and Ewell,,,,,,,,,,,,
E01030402,Epsom and Ewell 005D,E05007281,Stamford,Epsom and Ewell,,,,,,,,,,,,
E01030385,Epsom and Ewell 007A,E05007275,Court,Epsom and Ewell,,,,,,,,,,,,
E01030391,Epsom and Ewell 007B,E05007277,Ewell,Epsom and Ewell,,,,,,,,,,,,
E01030403,Epsom and Ewell 007C,E05007281,Stamford,Epsom and Ewell,,,,,,,,,,,,
E01030404,Epsom and Ewell 007D,E05007281,Stamford,Epsom and Ewell,,,,,,,,,,,,
E01030409,Epsom and Ewell 007E,E05007283,Town (Epsom),Epsom and Ewell,,,,,,,,,,,,
E01030410,Epsom and Ewell 007F,E05007283,Town (Epsom),Epsom and Ewell,,,,,,,,,,,,
E01030381,Epsom and Ewell 008A,E05007274,College,Epsom and Ewell,,,,,,,,,,,,
E01030411,Epsom and Ewell 008B,E05007283,Town (Epsom),Epsom and Ewell,,,,,,,,,,,,
E01030412,Epsom and Ewell 008C,E05007283,Town (Epsom),Epsom and Ewell,,,,,,,,,,,,
E01030419,Epsom and Ewell 008D,E05007285,Woodcote,Epsom and Ewell,,,,,,,,,,,,
E01030379,Epsom and Ewell 009A,E05007274,College,Epsom and Ewell,,,,,,,,,,,,
E01030380,Epsom and Ewell 009B,E05007274,College,Epsom and Ewell,,,,,,,,,,,,
E01030405,Epsom and Ewell 009C,E05007281,Stamford,Epsom and Ewell,,,,,,,,,,,,
E01030417,Epsom and Ewell 009D,E05007285,Woodcote,Epsom and Ewell,,,,,,,,,,,,
E01030418,Epsom and Ewell 009E,E05007285,Woodcote,Epsom and Ewell,,,,,,,,,,,,
E01030420,Epsom and Ewell 009F,E05007285,Woodcote,Epsom and Ewell,,,,,,,,,,,,
E01030382,Epsom and Ewell 010A,E05007274,College,Epsom and Ewell,Formerly Epsom and Ewell 006A ¶,,,,,,,,,,,
E01030390,Epsom and Ewell 010B,E05007277,Ewell,Epsom and Ewell,Formerly Epsom and Ewell 006B ¶,,,,,,,,,,,
E01030392,Epsom and Ewell 010C,E05007277,Ewell,Epsom and Ewell,Formerly Epsom and Ewell 006C ¶,,,,,,,,,,,
E01030396,Epsom and Ewell 010D,E05007279,Nonsuch,Epsom and Ewell,Formerly Epsom and Ewell 006D ¶,,,,,,,,,,,
E01030398,Epsom and Ewell 010E,E05007279,Nonsuch,Epsom and Ewell,Formerly Epsom and Ewell 006F ¶,,,,,,,,,,,
E01032624,Epsom and Ewell 010F,E05007279,Nonsuch,Epsom and Ewell,Formerly Epsom and Ewell 006E (E01030397) ¶,,,,,,,,,,,
E01030440,Guildford 001A,E05007291,Clandon and Horsley,Guildford,,,,,,,,,,,,
E01030458,Guildford 001B,E05007295,Lovelace,Guildford,,,,,,,,,,,,
E01030459,Guildford 001C,E05007295,Lovelace,Guildford,,,,,,,,,,,,
E01030475,Guildford 001D,E05007301,Send,Guildford,,,,,,,,,,,,
E01030476,Guildford 001E,E05007301,Send,Guildford,,,,,,,,,,,,
E01030477,Guildford 001F,E05007301,Send,Guildford,,,,,,,,,,,,
E01030465,Guildford 002A,E05007297,Normandy,Guildford,,,,,,,,,,,,
E01030466,Guildford 002B,E05007297,Normandy,Guildford,,,,,,,,,,,,
E01030473,Guildford 002C,E05007300,Pirbright,Guildford,,,,,,,,,,,,
E01030474,Guildford 002D,E05007300,Pirbright,Guildford,,,,,,,,,,,,
E01030441,Guildford 003A,E05007291,Clandon and Horsley,Guildford,,,,,,,,,,,,
E01030442,Guildford 003B,E05007291,Clandon and Horsley,Guildford,,,,,,,,,,,,
E01030443,Guildford 003C,E05007291,Clandon and Horsley,Guildford,,,,,,,,,,,,
E01030444,Guildford 003D,E05007291,Clandon and Horsley,Guildford,,,,,,,,,,,,
E01030445,Guildford 003E,E05007291,Clandon and Horsley,Guildford,,,,,,,,,,,,
E01030446,Guildford 003F,E05007292,Effingham,Guildford,,,,,,,,,,,,
E01030447,Guildford 003G,E05007292,Effingham,Guildford,,,,,,,,,,,,
E01030426,Guildford 004A,E05007287,Ash Vale,Guildford,,,,,,,,,,,,
E01030427,Guildford 004B,E05007287,Ash Vale,Guildford,,,,,,,,,,,,
E01030428,Guildford 004C,E05007287,Ash Vale,Guildford,,,,,,,,,,,,
E01030429,Guildford 004D,E05007287,Ash Vale,Guildford,,,,,,,,,,,,
E01030430,Guildford 004E,E05007288,Ash Wharf,Guildford,,,,,,,,,,,,
E01030499,Guildford 005A,E05007307,Worplesdon,Guildford,,,,,,,,,,,,
E01030500,Guildford 005B,E05007307,Worplesdon,Guildford,,,,,,,,,,,,
E01030501,Guildford 005C,E05007307,Worplesdon,Guildford,,,,,,,,,,,,
E01030502,Guildford 005D,E05007307,Worplesdon,Guildford,,,,,,,,,,,,
E01030503,Guildford 005E,E05007307,Worplesdon,Guildford,,,,,,,,,,,,
E01030504,Guildford 005F,E05007307,Worplesdon,Guildford,,,,,,,,,,,,
E01030485,Guildford 006A,E05007304,Stoughton,Guildford,,,,,,,,,,,,
E01030487,Guildford 006B,E05007304,Stoughton,Guildford,,,,,,,,,,,,
E01030488,Guildford 006C,E05007304,Stoughton,Guildford,,,,,,,,,,,,
E01030489,Guildford 006D,E05007304,Stoughton,Guildford,,,,,,,,,,,,
E01030481,Guildford 007A,E05007303,Stoke,Guildford,,,,,,,,,,,,
E01030482,Guildford 007B,E05007303,Stoke,Guildford,,,,,,,,,,,,
E01030483,Guildford 007C,E05007303,Stoke,Guildford,,,,,,,,,,,,
E01030484,Guildford 007D,E05007303,Stoke,Guildford,,,,,,,,,,,,
E01030434,Guildford 008A,E05007289,Burpham,Guildford,,,,,,,,,,,,
E01030435,Guildford 008B,E05007289,Burpham,Guildford,,,,,,,,,,,,
E01030462,Guildford 008C,E05007296,Merrow,Guildford,,,,,,,,,,,,
E01030463,Guildford 008D,E05007296,Merrow,Guildford,,,,,,,,,,,,
E01030464,Guildford 008E,E05007296,Merrow,Guildford,,,,,,,,,,,,
E01030486,Guildford 009A,E05007304,Stoughton,Guildford,,,,,,,,,,,,
E01030493,Guildford 009B,E05007306,Westborough,Guildford,,,,,,,,,,,,
E01030495,Guildford 009C,E05007306,Westborough,Guildford,,,,,,,,,,,,
E01030498,Guildford 009D,E05007306,Westborough,Guildford,,,,,,,,,,,,
E01030424,Guildford 010A,E05007286,Ash South and Tongham,Guildford,,,,,,,,,,,,
E01030431,Guildford 010B,E05007288,Ash Wharf,Guildford,,,,,,,,,,,,
E01030432,Guildford 010C,E05007288,Ash Wharf,Guildford,,,,,,,,,,,,
E01030433,Guildford 010D,E05007288,Ash Wharf,Guildford,,,,,,,,,,,,
E01030436,Guildford 011A,E05007289,Burpham,Guildford,,,,,,,,,,,,
E01030437,Guildford 011B,E05007290,Christchurch,Guildford,,,,,,,,,,,,
E01030439,Guildford 011C,E05007290,Christchurch,Guildford,,,,,,,,,,,,
E01030460,Guildford 011D,E05007296,Merrow,Guildford,,,,,,,,,,,,
E01030461,Guildford 011E,E05007296,Merrow,Guildford,,,,,,,,,,,,
E01030470,Guildford 012A,E05007298,Onslow,Guildford,,,,,,,,,,,,
E01030494,Guildford 012B,E05007306,Westborough,Guildford,,,,,,,,,,,,
E01030496,Guildford 012C,E05007306,Westborough,Guildford,,,,,,,,,,,,
E01030497,Guildford 012D,E05007306,Westborough,Guildford,,,,,,,,,,,,
E01030438,Guildford 013A,E05007290,Christchurch,Guildford,,,,,,,,,,,,
E01030450,Guildford 013B,E05007293,Friary and St Nicolas,Guildford,,,,,,,,,,,,
E01030451,Guildford 013C,E05007293,Friary and St Nicolas,Guildford,,,,,,,,,,,,
E01030453,Guildford 013D,E05007294,Holy Trinity,Guildford,,,,,,,,,,,,
E01030455,Guildford 013E,E05007294,Holy Trinity,Guildford,,,,,,,,,,,,
E01030457,Guildford 013F,E05007294,Holy Trinity,Guildford,,,,,,,,,,,,
E01030421,Guildford 014A,E05007286,Ash South and Tongham,Guildford,,,,,,,,,,,,
E01030422,Guildford 014B,E05007286,Ash South and Tongham,Guildford,,,,,,,,,,,,
E01030423,Guildford 014C,E05007286,Ash South and Tongham,Guildford,,,,,,,,,,,,
E01030425,Guildford 014D,E05007286,Ash South and Tongham,Guildford,,,,,,,,,,,,
E01030452,Guildford 015A,E05007293,Friary and St Nicolas,Guildford,,,,,,,,,,,,
E01030467,Guildford 015B,E05007298,Onslow,Guildford,,,,,,,,,,,,
E01030468,Guildford 015C,E05007298,Onslow,Guildford,,,,,,,,,,,,
E01030469,Guildford 015D,E05007298,Onslow,Guildford,,,,,,,,,,,,
E01030448,Guildford 016A,E05007293,Friary and St Nicolas,Guildford,,,,,,,,,,,,
E01030449,Guildford 016B,E05007293,Friary and St Nicolas,Guildford,,,,,,,,,,,,
E01030454,Guildford 016C,E05007294,Holy Trinity,Guildford,,,,,,,,,,,,
E01030456,Guildford 016D,E05007294,Holy Trinity,Guildford,,,,,,,,,,,,
E01030471,Guildford 017A,E05007299,Pilgrims,Guildford,,,,,,,,,,,,
E01030472,Guildford 017B,E05007299,Pilgrims,Guildford,,,,,,,,,,,,
E01030478,Guildford 017C,E05007302,Shalford,Guildford,,,,,,,,,,,,
E01030479,Guildford 017D,E05007302,Shalford,Guildford,,,,,,,,,,,,
E01030480,Guildford 017E,E05007302,Shalford,Guildford,,,,,,,,,,,,
E01030490,Guildford 018A,E05007305,Tillingbourne,Guildford,,,,,,,,,,,,
E01030491,Guildford 018B,E05007305,Tillingbourne,Guildford,,,,,,,,,,,,
E01030492,Guildford 018C,E05007305,Tillingbourne,Guildford,,,,,,,,,,,,
E01030506,Mole Valley 001A,E05007308,Ashtead Common,Mole Valley,,,,,,,,,,,,
E01030508,Mole Valley 001B,E05007309,Ashtead Park,Mole Valley,,,,,,,,,,,,
E01030509,Mole Valley 001C,E05007309,Ashtead Park,Mole Valley,,,,,,,,,,,,
E01030513,Mole Valley 001D,E05007310,Ashtead Village,Mole Valley,,,,,,,,,,,,
E01030514,Mole Valley 001E,E05007310,Ashtead Village,Mole Valley,,,,,,,,,,,,
E01030505,Mole Valley 002A,E05007308,Ashtead Common,Mole Valley,,,,,,,,,,,,
E01030507,Mole Valley 002B,E05007308,Ashtead Common,Mole Valley,,,,,,,,,,,,
E01030511,Mole Valley 002C,E05007310,Ashtead Village,Mole Valley,,,,,,,,,,,,
E01030512,Mole Valley 002D,E05007310,Ashtead Village,Mole Valley,,,,,,,,,,,,
E01030548,Mole Valley 003A,E05007323,Leatherhead North,Mole Valley,,,,,,,,,,,,
E01030549,Mole Valley 003B,E05007323,Leatherhead North,Mole Valley,,,,,,,,,,,,
E01030550,Mole Valley 003C,E05007323,Leatherhead North,Mole Valley,,,,,,,,,,,,
E01030551,Mole Valley 003D,E05007323,Leatherhead North,Mole Valley,,,,,,,,,,,,
E01030510,Mole Valley 004A,E05007309,Ashtead Park,Mole Valley,,,,,,,,,,,,
E01030552,Mole Valley 004B,E05007324,Leatherhead South,Mole Valley,,,,,,,,,,,,
E01030553,Mole Valley 004C,E05007324,Leatherhead South,Mole Valley,,,,,,,,,,,,
E01030554,Mole Valley 004D,E05007324,Leatherhead South,Mole Valley,,,,,,,,,,,,
E01030539,Mole Valley 005A,E05007320,Fetcham East,Mole Valley,,,,,,,,,,,,
E01030540,Mole Valley 005B,E05007320,Fetcham East,Mole Valley,,,,,,,,,,,,
E01030541,Mole Valley 005C,E05007321,Fetcham West,Mole Valley,,,,,,,,,,,,
E01030542,Mole Valley 005D,E05007321,Fetcham West,Mole Valley,,,,,,,,,,,,
E01030543,Mole Valley 005E,E05007321,Fetcham West,Mole Valley,,,,,,,,,,,,
E01030516,Mole Valley 006A,E05007312,Bookham North,Mole Valley,,,,,,,,,,,,
E01030517,Mole Valley 006B,E05007312,Bookham North,Mole Valley,,,,,,,,,,,,
E01030518,Mole Valley 006C,E05007312,Bookham North,Mole Valley,,,,,,,,,,,,
E01030519,Mole Valley 006D,E05007312,Bookham North,Mole Valley,,,,,,,,,,,,
E01030520,Mole Valley 007A,E05007313,Bookham South,Mole Valley,,,,,,,,,,,,
E01030521,Mole Valley 007B,E05007313,Bookham South,Mole Valley,,,,,,,,,,,,
E01030522,Mole Valley 007C,E05007313,Bookham South,Mole Valley,,,,,,,,,,,,
E01030523,Mole Valley 007D,E05007313,Bookham South,Mole Valley,,,,,,,,,,,,
E01030524,Mole Valley 008A,E05007314,Box Hill and Headley,Mole Valley,,,,,,,,,,,,
E01030525,Mole Valley 008B,E05007315,Brockham Betchworth and Buckland,Mole Valley,,,,,,,,,,,,
E01030526,Mole Valley 008C,E05007315,Brockham Betchworth and Buckland,Mole Valley,,,,,,,,,,,,
E01030527,Mole Valley 008D,E05007315,Brockham Betchworth and Buckland,Mole Valley,,,,,,,,,,,,
E01030532,Mole Valley 009A,E05007318,Dorking North,Mole Valley,,,,,,,,,,,,
E01030533,Mole Valley 009B,E05007318,Dorking North,Mole Valley,,,,,,,,,,,,
E01030534,Mole Valley 009C,E05007318,Dorking North,Mole Valley,,,,,,,,,,,,
E01030556,Mole Valley 009D,E05007326,Mickleham Westhumble and Pixham,Mole Valley,,,,,,,,,,,,
E01030535,Mole Valley 010A,E05007319,Dorking South,Mole Valley,,,,,,,,,,,,
E01030536,Mole Valley 010B,E05007319,Dorking South,Mole Valley,,,,,,,,,,,,
E01030537,Mole Valley 010C,E05007319,Dorking South,Mole Valley,,,,,,,,,,,,
E01030538,Mole Valley 010D,E05007319,Dorking South,Mole Valley,,,,,,,,,,,,
E01030544,Mole Valley 011A,E05007322,Holmwoods,Mole Valley,,,,,,,,,,,,
E01030545,Mole Valley 011B,E05007322,Holmwoods,Mole Valley,,,,,,,,,,,,
E01030546,Mole Valley 011C,E05007322,Holmwoods,Mole Valley,,,,,,,,,,,,
E01030547,Mole Valley 011D,E05007322,Holmwoods,Mole Valley,,,,,,,,,,,,
E01030529,Mole Valley 012A,E05007316,Capel Leigh and Newdigate,Mole Valley,,,,,,,,,,,,
E01030555,Mole Valley 012B,E05007325,Leith Hill,Mole Valley,,,,,,,,,,,,
E01030557,Mole Valley 012C,E05007327,Okewood,Mole Valley,,,,,,,,,,,,
E01030558,Mole Valley 012D,E05007328,Westcott,Mole Valley,,,,,,,,,,,,
E01030515,Mole Valley 013A,E05007311,Beare Green,Mole Valley,,,,,,,,,,,,
E01030528,Mole Valley 013B,E05007316,Capel Leigh and Newdigate,Mole Valley,,,,,,,,,,,,
E01030530,Mole Valley 013C,E05007316,Capel Leigh and Newdigate,Mole Valley,,,,,,,,,,,,
E01030531,Mole Valley 013D,E05007317,Charlwood,Mole Valley,,,,,,,,,,,,
E01030603,Reigate and Banstead 001A,E05007338,Nork,Reigate and Banstead,,,,,,,,,,,,
E01030604,Reigate and Banstead 001B,E05007338,Nork,Reigate and Banstead,,,,,,,,,,,,
E01030605,Reigate and Banstead 001C,E05007338,Nork,Reigate and Banstead,,,,,,,,,,,,
E01030607,Reigate and Banstead 001D,E05007338,Nork,Reigate and Banstead,,,,,,,,,,,,
E01030559,Reigate and Banstead 002A,E05007329,Banstead Village,Reigate and Banstead,,,,,,,,,,,,
E01030560,Reigate and Banstead 002B,E05007329,Banstead Village,Reigate and Banstead,,,,,,,,,,,,
E01030561,Reigate and Banstead 002C,E05007329,Banstead Village,Reigate and Banstead,,,,,,,,,,,,
E01030562,Reigate and Banstead 002D,E05007329,Banstead Village,Reigate and Banstead,,,,,,,,,,,,
E01030563,Reigate and Banstead 002E,E05007329,Banstead Village,Reigate and Banstead,,,,,,,,,,,,
E01030564,Reigate and Banstead 002F,E05007329,Banstead Village,Reigate and Banstead,,,,,,,,,,,,
E01030606,Reigate and Banstead 003A,E05007338,Nork,Reigate and Banstead,,,,,,,,,,,,
E01030641,Reigate and Banstead 003B,E05007347,Tattenhams,Reigate and Banstead,,,,,,,,,,,,
E01030642,Reigate and Banstead 003C,E05007347,Tattenhams,Reigate and Banstead,,,,,,,,,,,,
E01030644,Reigate and Banstead 003D,E05007347,Tattenhams,Reigate and Banstead,,,,,,,,,,,,
E01030565,Reigate and Banstead 004A,E05007330,Chipstead Hooley and Woodmansterne,Reigate and Banstead,,,,,,,,,,,,
E01030566,Reigate and Banstead 004B,E05007330,Chipstead Hooley and Woodmansterne,Reigate and Banstead,,,,,,,,,,,,
E01030567,Reigate and Banstead 004C,E05007330,Chipstead Hooley and Woodmansterne,Reigate and Banstead,,,,,,,,,,,,
E01030568,Reigate and Banstead 004D,E05007330,Chipstead Hooley and Woodmansterne,Reigate and Banstead,,,,,,,,,,,,
E01030569,Reigate and Banstead 004E,E05007330,Chipstead Hooley and Woodmansterne,Reigate and Banstead,,,,,,,,,,,,
E01030608,Reigate and Banstead 005A,E05007339,Preston,Reigate and Banstead,,,,,,,,,,,,
E01030609,Reigate and Banstead 005B,E05007339,Preston,Reigate and Banstead,,,,,,,,,,,,
E01030640,Reigate and Banstead 005C,E05007347,Tattenhams,Reigate and Banstead,,,,,,,,,,,,
E01030643,Reigate and Banstead 005D,E05007347,Tattenhams,Reigate and Banstead,,,,,,,,,,,,
E01030635,Reigate and Banstead 006A,E05007346,Tadworth and Walton,Reigate and Banstead,,,,,,,,,,,,
E01030636,Reigate and Banstead 006B,E05007346,Tadworth and Walton,Reigate and Banstead,,,,,,,,,,,,
E01030637,Reigate and Banstead 006C,E05007346,Tadworth and Walton,Reigate and Banstead,,,,,,,,,,,,
E01030638,Reigate and Banstead 006D,E05007346,Tadworth and Walton,Reigate and Banstead,,,,,,,,,,,,
E01030639,Reigate and Banstead 006E,E05007346,Tadworth and Walton,Reigate and Banstead,,,,,,,,,,,,
E01030589,Reigate and Banstead 007A,E05007335,Kingswood with Burgh Heath,Reigate and Banstead,,,,,,,,,,,,
E01030590,Reigate and Banstead 007B,E05007335,Kingswood with Burgh Heath,Reigate and Banstead,,,,,,,,,,,,
E01030591,Reigate and Banstead 007C,E05007335,Kingswood with Burgh Heath,Reigate and Banstead,,,,,,,,,,,,
E01030592,Reigate and Banstead 007D,E05007335,Kingswood with Burgh Heath,Reigate and Banstead,,,,,,,,,,,,
E01030599,Reigate and Banstead 008A,E05007337,Merstham,Reigate and Banstead,,,,,,,,,,,,
E01030600,Reigate and Banstead 008B,E05007337,Merstham,Reigate and Banstead,,,,,,,,,,,,
E01030601,Reigate and Banstead 008C,E05007337,Merstham,Reigate and Banstead,,,,,,,,,,,,
E01030602,Reigate and Banstead 008D,E05007337,Merstham,Reigate and Banstead,,,,,,,,,,,,
E01030598,Reigate and Banstead 009A,E05007337,Merstham,Reigate and Banstead,,,,,,,,,,,,
E01030623,Reigate and Banstead 009B,E05007342,Reigate Central,Reigate and Banstead,,,,,,,,,,,,
E01030624,Reigate and Banstead 009C,E05007343,Reigate Hill,Reigate and Banstead,,,,,,,,,,,,
E01030625,Reigate and Banstead 009D,E05007343,Reigate Hill,Reigate and Banstead,,,,,,,,,,,,
E01030626,Reigate and Banstead 009E,E05007343,Reigate Hill,Reigate and Banstead,,,,,,,,,,,,
E01030627,Reigate and Banstead 009F,E05007343,Reigate Hill,Reigate and Banstead,,,,,,,,,,,,
E01030615,Reigate and Banstead 010A,E05007341,Redhill West,Reigate and Banstead,,,,,,,,,,,,
E01030616,Reigate and Banstead 010B,E05007341,Redhill West,Reigate and Banstead,,,,,,,,,,,,
E01030617,Reigate and Banstead 010C,E05007341,Redhill West,Reigate and Banstead,,,,,,,,,,,,
E01030618,Reigate and Banstead 010D,E05007341,Redhill West,Reigate and Banstead,,,,,,,,,,,,
E01030619,Reigate and Banstead 010E,E05007341,Redhill West,Reigate and Banstead,,,,,,,,,,,,
E01030622,Reigate and Banstead 010F,E05007342,Reigate Central,Reigate and Banstead,,,,,,,,,,,,
E01030610,Reigate and Banstead 011A,E05007340,Redhill East,Reigate and Banstead,,,,,,,,,,,,
E01030611,Reigate and Banstead 011B,E05007340,Redhill East,Reigate and Banstead,,,,,,,,,,,,
E01030612,Reigate and Banstead 011C,E05007340,Redhill East,Reigate and Banstead,,,,,,,,,,,,
E01030613,Reigate and Banstead 011D,E05007340,Redhill East,Reigate and Banstead,,,,,,,,,,,,
E01030614,Reigate and Banstead 011E,E05007340,Redhill East,Reigate and Banstead,,,,,,,,,,,,
E01030593,Reigate and Banstead 012A,E05007336,Meadvale and St John`s,Reigate and Banstead,,,,,,,,,,,,
E01030596,Reigate and Banstead 012B,E05007336,Meadvale and St John`s,Reigate and Banstead,,,,,,,,,,,,
E01030597,Reigate and Banstead 012C,E05007336,Meadvale and St John`s,Reigate and Banstead,,,,,,,,,,,,
E01030620,Reigate and Banstead 012D,E05007342,Reigate Central,Reigate and Banstead,,,,,,,,,,,,
E01030621,Reigate and Banstead 012E,E05007342,Reigate Central,Reigate and Banstead,,,,,,,,,,,,
E01030594,Reigate and Banstead 013A,E05007336,Meadvale and St John`s,Reigate and Banstead,,,,,,,,,,,,
E01030595,Reigate and Banstead 013B,E05007336,Meadvale and St John`s,Reigate and Banstead,,,,,,,,,,,,
E01030630,Reigate and Banstead 013C,E05007345,South Park and Woodhatch,Reigate and Banstead,,,,,,,,,,,,
E01030631,Reigate and Banstead 013D,E05007345,South Park and Woodhatch,Reigate and Banstead,,,,,,,,,,,,
E01030570,Reigate and Banstead 014A,E05007331,Earlswood and Whitebushes,Reigate and Banstead,,,,,,,,,,,,
E01030571,Reigate and Banstead 014B,E05007331,Earlswood and Whitebushes,Reigate and Banstead,,,,,,,,,,,,
E01030572,Reigate and Banstead 014C,E05007331,Earlswood and Whitebushes,Reigate and Banstead,,,,,,,,,,,,
E01030573,Reigate and Banstead 014D,E05007331,Earlswood and Whitebushes,Reigate and Banstead,,,,,,,,,,,,
E01030574,Reigate and Banstead 014E,E05007331,Earlswood and Whitebushes,Reigate and Banstead,,,,,,,,,,,,
E01030628,Reigate and Banstead 015A,E05007344,Salfords and Sidlow,Reigate and Banstead,,,,,,,,,,,,
E01030629,Reigate and Banstead 015B,E05007344,Salfords and Sidlow,Reigate and Banstead,,,,,,,,,,,,
E01030632,Reigate and Banstead 015C,E05007345,South Park and Woodhatch,Reigate and Banstead,,,,,,,,,,,,
E01030633,Reigate and Banstead 015D,E05007345,South Park and Woodhatch,Reigate and Banstead,,,,,,,,,,,,
E01030634,Reigate and Banstead 015E,E05007345,South Park and Woodhatch,Reigate and Banstead,,,,,,,,,,,,
E01030584,Reigate and Banstead 016A,E05007334,Horley West,Reigate and Banstead,,,,,,,,,,,,
E01030585,Reigate and Banstead 016B,E05007334,Horley West,Reigate and Banstead,,,,,,,,,,,,
E01030586,Reigate and Banstead 016C,E05007334,Horley West,Reigate and Banstead,,,,,,,,,,,,
E01030587,Reigate and Banstead 016D,E05007334,Horley West,Reigate and Banstead,,,,,,,,,,,,
E01030588,Reigate and Banstead 016E,E05007334,Horley West,Reigate and Banstead,,,,,,,,,,,,
E01030580,Reigate and Banstead 017A,E05007333,Horley East,Reigate and Banstead,,,,,,,,,,,,
E01030581,Reigate and Banstead 017B,E05007333,Horley East,Reigate and Banstead,,,,,,,,,,,,
E01030582,Reigate and Banstead 017C,E05007333,Horley East,Reigate and Banstead,,,,,,,,,,,,
E01030583,Reigate and Banstead 017D,E05007333,Horley East,Reigate and Banstead,,,,,,,,,,,,
E01030575,Reigate and Banstead 018A,E05007332,Horley Central,Reigate and Banstead,,,,,,,,,,,,
E01030576,Reigate and Banstead 018B,E05007332,Horley Central,Reigate and Banstead,,,,,,,,,,,,
E01030577,Reigate and Banstead 018C,E05007332,Horley Central,Reigate and Banstead,,,,,,,,,,,,
E01030578,Reigate and Banstead 018D,E05007332,Horley Central,Reigate and Banstead,,,,,,,,,,,,
E01030579,Reigate and Banstead 018E,E05007332,Horley Central,Reigate and Banstead,,,,,,,,,,,,
E01030667,Runnymede 001A,E05007354,Egham Town,Runnymede,,,,,,,,,,,,
E01030668,Runnymede 001B,E05007354,Egham Town,Runnymede,,,,,,,,,,,,
E01030669,Runnymede 001C,E05007354,Egham Town,Runnymede,,,,,,,,,,,,
E01030670,Runnymede 001D,E05007354,Egham Town,Runnymede,,,,,,,,,,,,
E01030671,Runnymede 002A,E05007355,Englefield Green East,Runnymede,,,,,,,,,,,,
E01030672,Runnymede 002B,E05007355,Englefield Green East,Runnymede,,,,,,,,,,,,
E01030673,Runnymede 002C,E05007356,Englefield Green West,Runnymede,,,,,,,,,,,,
E01030674,Runnymede 002D,E05007356,Englefield Green West,Runnymede,,,,,,,,,,,,
E01030675,Runnymede 002E,E05007356,Englefield Green West,Runnymede,,,,,,,,,,,,
E01030676,Runnymede 002F,E05007356,Englefield Green West,Runnymede,,,,,,,,,,,,
E01030663,Runnymede 003A,E05007353,Egham Hythe,Runnymede,,,,,,,,,,,,
E01030664,Runnymede 003B,E05007353,Egham Hythe,Runnymede,,,,,,,,,,,,
E01030665,Runnymede 003C,E05007353,Egham Hythe,Runnymede,,,,,,,,,,,,
E01030666,Runnymede 003D,E05007353,Egham Hythe,Runnymede,,,,,,,,,,,,
E01030687,Runnymede 003E,E05007359,Thorpe,Runnymede,,,,,,,,,,,,
E01030688,Runnymede 003F,E05007359,Thorpe,Runnymede,,,,,,,,,,,,
E01030656,Runnymede 004A,E05007351,Chertsey St Ann`s,Runnymede,,,,,,,,,,,,
E01030658,Runnymede 004B,E05007351,Chertsey St Ann`s,Runnymede,,,,,,,,,,,,
E01030685,Runnymede 004C,E05007359,Thorpe,Runnymede,,,,,,,,,,,,
E01030686,Runnymede 004D,E05007359,Thorpe,Runnymede,,,,,,,,,,,,
E01030689,Runnymede 005A,E05007360,Virginia Water,Runnymede,,,,,,,,,,,,
E01030690,Runnymede 005B,E05007360,Virginia Water,Runnymede,,,,,,,,,,,,
E01030691,Runnymede 005C,E05007360,Virginia Water,Runnymede,,,,,,,,,,,,
E01030692,Runnymede 005D,E05007360,Virginia Water,Runnymede,,,,,,,,,,,,
E01030652,Runnymede 006A,E05007350,Chertsey Meads,Runnymede,,,,,,,,,,,,
E01030653,Runnymede 006B,E05007350,Chertsey Meads,Runnymede,,,,,,,,,,,,
E01030654,Runnymede 006C,E05007350,Chertsey Meads,Runnymede,,,,,,,,,,,,
E01030657,Runnymede 006D,E05007351,Chertsey St Ann`s,Runnymede,,,,,,,,,,,,
E01030659,Runnymede 006E,E05007351,Chertsey St Ann`s,Runnymede,,,,,,,,,,,,
E01030647,Runnymede 007A,E05007348,Addlestone Bourneside,Runnymede,,,,,,,,,,,,
E01030648,Runnymede 007B,E05007349,Addlestone North,Runnymede,,,,,,,,,,,,
E01030649,Runnymede 007C,E05007349,Addlestone North,Runnymede,,,,,,,,,,,,
E01030650,Runnymede 007D,E05007349,Addlestone North,Runnymede,,,,,,,,,,,,
E01030651,Runnymede 007E,E05007349,Addlestone North,Runnymede,,,,,,,,,,,,
E01030655,Runnymede 007F,E05007350,Chertsey Meads,Runnymede,,,,,,,,,,,,
E01030662,Runnymede 007G,E05007352,Chertsey South and Row Town,Runnymede,,,,,,,,,,,,
E01030677,Runnymede 008A,E05007357,Foxhills,Runnymede,,,,,,,,,,,,
E01030678,Runnymede 008B,E05007357,Foxhills,Runnymede,,,,,,,,,,,,
E01030679,Runnymede 008C,E05007357,Foxhills,Runnymede,,,,,,,,,,,,
E01030680,Runnymede 008D,E05007357,Foxhills,Runnymede,,,,,,,,,,,,
E01030645,Runnymede 009A,E05007348,Addlestone Bourneside,Runnymede,,,,,,,,,,,,
E01030646,Runnymede 009B,E05007348,Addlestone Bourneside,Runnymede,,,,,,,,,,,,
E01030660,Runnymede 009C,E05007352,Chertsey South and Row Town,Runnymede,,,,,,,,,,,,
E01030661,Runnymede 009D,E05007352,Chertsey South and Row Town,Runnymede,,,,,,,,,,,,
E01030684,Runnymede 009E,E05007358,New Haw,Runnymede,,,,,,,,,,,,
E01030681,Runnymede 010A,E05007358,New Haw,Runnymede,,,,,,,,,,,,
E01030682,Runnymede 010B,E05007358,New Haw,Runnymede,,,,,,,,,,,,
E01030683,Runnymede 010C,E05007358,New Haw,Runnymede,,,,,,,,,,,,
E01030693,Runnymede 010D,E05007361,Woodham,Runnymede,,,,,,,,,,,,
E01030694,Runnymede 010E,E05007361,Woodham,Runnymede,,,,,,,,,,,,
E01030695,Runnymede 010F,E05007361,Woodham,Runnymede,,,,,,,,,,,,
E01030696,Runnymede 010G,E05007361,Woodham,Runnymede,,,,,,,,,,,,
E01030743,Spelthorne 001A,E05007372,Stanwell North,Spelthorne,,,,,,,,,,,,
E01030744,Spelthorne 001B,E05007372,Stanwell North,Spelthorne,,,,,,,,,,,,
E01030745,Spelthorne 001C,E05007372,Stanwell North,Spelthorne,,,,,,,,,,,,
E01030747,Spelthorne 001D,E05007372,Stanwell North,Spelthorne,,,,,,,,,,,,
E01030709,Spelthorne 002A,E05007364,Ashford North and Stanwell South,Spelthorne,,,,,,,,,,,,
E01030710,Spelthorne 002B,E05007364,Ashford North and Stanwell South,Spelthorne,,,,,,,,,,,,
E01030711,Spelthorne 002C,E05007364,Ashford North and Stanwell South,Spelthorne,,,,,,,,,,,,
E01030746,Spelthorne 002D,E05007372,Stanwell North,Spelthorne,,,,,,,,,,,,
E01030707,Spelthorne 003A,E05007364,Ashford North and Stanwell South,Spelthorne,,,,,,,,,,,,
E01030708,Spelthorne 003B,E05007364,Ashford North and Stanwell South,Spelthorne,,,,,,,,,,,,
E01030712,Spelthorne 003C,E05007365,Ashford Town,Spelthorne,,,,,,,,,,,,
E01030713,Spelthorne 003D,E05007365,Ashford Town,Spelthorne,,,,,,,,,,,,
E01030714,Spelthorne 003E,E05007365,Ashford Town,Spelthorne,,,,,,,,,,,,
E01030715,Spelthorne 003F,E05007365,Ashford Town,Spelthorne,,,,,,,,,,,,
E01030716,Spelthorne 003G,E05007365,Ashford Town,Spelthorne,,,,,,,,,,,,
E01030734,Spelthorne 004A,E05007370,Staines,Spelthorne,,,,,,,,,,,,
E01030735,Spelthorne 004B,E05007370,Staines,Spelthorne,,,,,,,,,,,,
E01030736,Spelthorne 004C,E05007370,Staines,Spelthorne,,,,,,,,,,,,
E01030737,Spelthorne 004D,E05007370,Staines,Spelthorne,,,,,,,,,,,,
E01030738,Spelthorne 004E,E05007370,Staines,Spelthorne,,,,,,,,,,,,
E01030701,Spelthorne 005A,E05007362,Ashford Common,Spelthorne,,,,,,,,,,,,
E01030702,Spelthorne 005B,E05007363,Ashford East,Spelthorne,,,,,,,,,,,,
E01030703,Spelthorne 005C,E05007363,Ashford East,Spelthorne,,,,,,,,,,,,
E01030704,Spelthorne 005D,E05007363,Ashford East,Spelthorne,,,,,,,,,,,,
E01030705,Spelthorne 005E,E05007363,Ashford East,Spelthorne,,,,,,,,,,,,
E01030706,Spelthorne 005F,E05007363,Ashford East,Spelthorne,,,,,,,,,,,,
E01030697,Spelthorne 006A,E05007362,Ashford Common,Spelthorne,,,,,,,,,,,,
E01030698,Spelthorne 006B,E05007362,Ashford Common,Spelthorne,,,,,,,,,,,,
E01030699,Spelthorne 006C,E05007362,Ashford Common,Spelthorne,,,,,,,,,,,,
E01030700,Spelthorne 006D,E05007362,Ashford Common,Spelthorne,,,,,,,,,,,,
E01030725,Spelthorne 006E,E05007367,Laleham and Shepperton Green,Spelthorne,,,,,,,,,,,,
E01030729,Spelthorne 007A,E05007368,Riverside and Laleham,Spelthorne,,,,,,,,,,,,
E01030739,Spelthorne 007B,E05007371,Staines South,Spelthorne,,,,,,,,,,,,
E01030740,Spelthorne 007C,E05007371,Staines South,Spelthorne,,,,,,,,,,,,
E01030741,Spelthorne 007D,E05007371,Staines South,Spelthorne,,,,,,,,,,,,
E01030748,Spelthorne 008A,E05007373,Sunbury Common,Spelthorne,,,,,,,,,,,,
E01030749,Spelthorne 008B,E05007373,Sunbury Common,Spelthorne,,,,,,,,,,,,
E01030750,Spelthorne 008C,E05007373,Sunbury Common,Spelthorne,,,,,,,,,,,,
E01030751,Spelthorne 008D,E05007373,Sunbury Common,Spelthorne,,,,,,,,,,,,
E01030752,Spelthorne 008E,E05007373,Sunbury Common,Spelthorne,,,,,,,,,,,,
E01030726,Spelthorne 009A,E05007368,Riverside and Laleham,Spelthorne,,,,,,,,,,,,
E01030727,Spelthorne 009B,E05007368,Riverside and Laleham,Spelthorne,,,,,,,,,,,,
E01030728,Spelthorne 009C,E05007368,Riverside and Laleham,Spelthorne,,,,,,,,,,,,
E01030742,Spelthorne 009D,E05007371,Staines South,Spelthorne,,,,,,,,,,,,
E01030753,Spelthorne 010A,E05007374,Sunbury East,Spelthorne,,,,,,,,,,,,
E01030754,Spelthorne 010B,E05007374,Sunbury East,Spelthorne,,,,,,,,,,,,
E01030755,Spelthorne 010C,E05007374,Sunbury East,Spelthorne,,,,,,,,,,,,
E01030756,Spelthorne 010D,E05007374,Sunbury East,Spelthorne,,,,,,,,,,,,
E01030717,Spelthorne 011A,E05007366,Halliford and Sunbury West,Spelthorne,,,,,,,,,,,,
E01030718,Spelthorne 011B,E05007366,Halliford and Sunbury West,Spelthorne,,,,,,,,,,,,
E01030719,Spelthorne 011C,E05007366,Halliford and Sunbury West,Spelthorne,,,,,,,,,,,,
E01030720,Spelthorne 011D,E05007366,Halliford and Sunbury West,Spelthorne,,,,,,,,,,,,
E01030721,Spelthorne 012A,E05007367,Laleham and Shepperton Green,Spelthorne,,,,,,,,,,,,
E01030722,Spelthorne 012B,E05007367,Laleham and Shepperton Green,Spelthorne,,,,,,,,,,,,
E01030723,Spelthorne 012C,E05007367,Laleham and Shepperton Green,Spelthorne,,,,,,,,,,,,
E01030724,Spelthorne 012D,E05007367,Laleham and Shepperton Green,Spelthorne,,,,,,,,,,,,
E01030730,Spelthorne 013A,E05007369,Shepperton Town,Spelthorne,,,,,,,,,,,,
E01030731,Spelthorne 013B,E05007369,Shepperton Town,Spelthorne,,,,,,,,,,,,
E01030732,Spelthorne 013C,E05007369,Shepperton Town,Spelthorne,,,,,,,,,,,,
E01030733,Spelthorne 013D,E05007369,Shepperton Town,Spelthorne,,,,,,,,,,,,
E01030763,Surrey Heath 001A,E05007377,Chobham,Surrey Heath,,,,,,,,,,,,
E01030764,Surrey Heath 001B,E05007377,Chobham,Surrey Heath,,,,,,,,,,,,
E01030765,Surrey Heath 001C,E05007377,Chobham,Surrey Heath,,,,,,,,,,,,
E01030809,Surrey Heath 001D,E05007390,Windlesham,Surrey Heath,,,,,,,,,,,,
E01030810,Surrey Heath 001E,E05007390,Windlesham,Surrey Heath,,,,,,,,,,,,
E01030811,Surrey Heath 001F,E05007390,Windlesham,Surrey Heath,,,,,,,,,,,,
E01030757,Surrey Heath 002A,E05007375,Bagshot,Surrey Heath,,,,,,,,,,,,
E01030758,Surrey Heath 002B,E05007375,Bagshot,Surrey Heath,,,,,,,,,,,,
E01030759,Surrey Heath 002C,E05007375,Bagshot,Surrey Heath,,,,,,,,,,,,
E01030760,Surrey Heath 002D,E05007375,Bagshot,Surrey Heath,,,,,,,,,,,,
E01030778,Surrey Heath 003A,E05007381,Lightwater,Surrey Heath,,,,,,,,,,,,
E01030779,Surrey Heath 003B,E05007381,Lightwater,Surrey Heath,,,,,,,,,,,,
E01030780,Surrey Heath 003C,E05007381,Lightwater,Surrey Heath,,,,,,,,,,,,
E01030781,Surrey Heath 003D,E05007381,Lightwater,Surrey Heath,,,,,,,,,,,,
E01030786,Surrey Heath 004A,E05007383,Old Dean,Surrey Heath,,,,,,,,,,,,
E01030787,Surrey Heath 004B,E05007383,Old Dean,Surrey Heath,,,,,,,,,,,,
E01030788,Surrey Heath 004C,E05007383,Old Dean,Surrey Heath,,,,,,,,,,,,
E01030801,Surrey Heath 004D,E05007387,Town (Camberley),Surrey Heath,,,,,,,,,,,,
E01030802,Surrey Heath 004E,E05007387,Town (Camberley),Surrey Heath,,,,,,,,,,,,
E01030796,Surrey Heath 005A,E05007386,St Pauls,Surrey Heath,,,,,,,,,,,,
E01030797,Surrey Heath 005B,E05007386,St Pauls,Surrey Heath,,,,,,,,,,,,
E01030798,Surrey Heath 005C,E05007386,St Pauls,Surrey Heath,,,,,,,,,,,,
E01030799,Surrey Heath 005D,E05007386,St Pauls,Surrey Heath,,,,,,,,,,,,
E01030800,Surrey Heath 005E,E05007387,Town (Camberley),Surrey Heath,,,,,,,,,,,,
E01030761,Surrey Heath 006A,E05007376,Bisley,Surrey Heath,,,,,,,,,,,,
E01030762,Surrey Heath 006B,E05007376,Bisley,Surrey Heath,,,,,,,,,,,,
E01030806,Surrey Heath 006C,E05007389,West End,Surrey Heath,,,,,,,,,,,,
E01030807,Surrey Heath 006D,E05007389,West End,Surrey Heath,,,,,,,,,,,,
E01030808,Surrey Heath 006E,E05007389,West End,Surrey Heath,,,,,,,,,,,,
E01030774,Surrey Heath 007A,E05007380,Heatherside,Surrey Heath,,,,,,,,,,,,
E01030775,Surrey Heath 007B,E05007380,Heatherside,Surrey Heath,,,,,,,,,,,,
E01030776,Surrey Heath 007C,E05007380,Heatherside,Surrey Heath,,,,,,,,,,,,
E01030777,Surrey Heath 007D,E05007380,Heatherside,Surrey Heath,,,,,,,,,,,,
E01030793,Surrey Heath 008A,E05007385,St Michaels,Surrey Heath,,,,,,,,,,,,
E01030794,Surrey Heath 008B,E05007385,St Michaels,Surrey Heath,,,,,,,,,,,,
E01030795,Surrey Heath 008C,E05007385,St Michaels,Surrey Heath,,,,,,,,,,,,
E01030803,Surrey Heath 008D,E05007388,Watchetts,Surrey Heath,,,,,,,,,,,,
E01030804,Surrey Heath 008E,E05007388,Watchetts,Surrey Heath,,,,,,,,,,,,
E01030805,Surrey Heath 008F,E05007388,Watchetts,Surrey Heath,,,,,,,,,,,,
E01030789,Surrey Heath 009A,E05007384,Parkside,Surrey Heath,,,,,,,,,,,,
E01030790,Surrey Heath 009B,E05007384,Parkside,Surrey Heath,,,,,,,,,,,,
E01030791,Surrey Heath 009C,E05007384,Parkside,Surrey Heath,,,,,,,,,,,,
E01030792,Surrey Heath 009D,E05007384,Parkside,Surrey Heath,,,,,,,,,,,,
E01030766,Surrey Heath 010A,E05007378,Frimley,Surrey Heath,,,,,,,,,,,,
E01030767,Surrey Heath 010B,E05007378,Frimley,Surrey Heath,,,,,,,,,,,,
E01030768,Surrey Heath 010C,E05007378,Frimley,Surrey Heath,,,,,,,,,,,,
E01030769,Surrey Heath 010D,E05007378,Frimley,Surrey Heath,,,,,,,,,,,,
E01030770,Surrey Heath 011A,E05007379,Frimley Green,Surrey Heath,,,,,,,,,,,,
E01030771,Surrey Heath 011B,E05007379,Frimley Green,Surrey Heath,,,,,,,,,,,,
E01030772,Surrey Heath 011C,E05007379,Frimley Green,Surrey Heath,,,,,,,,,,,,
E01030773,Surrey Heath 011D,E05007379,Frimley Green,Surrey Heath,,,,,,,,,,,,
E01030782,Surrey Heath 012A,E05007382,Mytchett and Deepcut,Surrey Heath,,,,,,,,,,,,
E01030783,Surrey Heath 012B,E05007382,Mytchett and Deepcut,Surrey Heath,,,,,,,,,,,,
E01030784,Surrey Heath 012C,E05007382,Mytchett and Deepcut,Surrey Heath,,,,,,,,,,,,
E01030785,Surrey Heath 012D,E05007382,Mytchett and Deepcut,Surrey Heath,,,,,,,,,,,,
E01030855,Tandridge 002A,E05007405,Warlingham West,Tandridge,,,,,,,,,,,,
E01030856,Tandridge 002B,E05007405,Warlingham West,Tandridge,,,,,,,,,,,,
E01030859,Tandridge 002C,E05007407,Whyteleafe,Tandridge,,,,,,,,,,,,
E01030860,Tandridge 002D,E05007407,Whyteleafe,Tandridge,,,,,,,,,,,,
E01030844,Tandridge 003A,E05007400,Portley,Tandridge,,,,,,,,,,,,
E01030845,Tandridge 003B,E05007400,Portley,Tandridge,,,,,,,,,,,,
E01030846,Tandridge 003C,E05007400,Portley,Tandridge,,,,,,,,,,,,
E01030857,Tandridge 003D,E05007406,Westway,Tandridge,,,,,,,,,,,,
E01030858,Tandridge 003E,E05007406,Westway,Tandridge,,,,,,,,,,,,
E01030828,Tandridge 004A,E05007395,Harestone,Tandridge,,,,,,,,,,,,
E01030829,Tandridge 004B,E05007395,Harestone,Tandridge,,,,,,,,,,,,
E01030830,Tandridge 004C,E05007395,Harestone,Tandridge,,,,,,,,,,,,
E01030850,Tandridge 004D,E05007403,Valley,Tandridge,,,,,,,,,,,,
E01030851,Tandridge 004E,E05007403,Valley,Tandridge,,,,,,,,,,,,
E01030861,Tandridge 004F,E05007408,Woldingham,Tandridge,,,,,,,,,,,,
E01030820,Tandridge 005A,E05007391,Chaldon,Tandridge,,,,,,,,,,,,
E01030847,Tandridge 005B,E05007401,Queens Park,Tandridge,,,,,,,,,,,,
E01030848,Tandridge 005C,E05007401,Queens Park,Tandridge,,,,,,,,,,,,
E01030831,Tandridge 006A,E05007396,Limpsfield,Tandridge,,,,,,,,,,,,
E01030832,Tandridge 006B,E05007396,Limpsfield,Tandridge,,,,,,,,,,,,
E01030836,Tandridge 006C,E05007398,Oxted North and Tandridge,Tandridge,,,,,,,,,,,,
E01030837,Tandridge 006D,E05007398,Oxted North and Tandridge,Tandridge,,,,,,,,,,,,
E01030838,Tandridge 006E,E05007398,Oxted North and Tandridge,Tandridge,,,,,,,,,,,,
E01030839,Tandridge 006F,E05007398,Oxted North and Tandridge,Tandridge,,,,,,,,,,,,
E01030840,Tandridge 007A,E05007399,Oxted South,Tandridge,,,,,,,,,,,,
E01030841,Tandridge 007B,E05007399,Oxted South,Tandridge,,,,,,,,,,,,
E01030842,Tandridge 007C,E05007399,Oxted South,Tandridge,,,,,,,,,,,,
E01030843,Tandridge 007D,E05007399,Oxted South,Tandridge,,,,,,,,,,,,
E01030812,Tandridge 008A *,E05007409,Bletchingley and Nutfield (best fit),Tandridge,,,,,,,,,,,,
E01030813,Tandridge 008B,E05007409,Bletchingley and Nutfield,Tandridge,,,,,,,,,,,,
E01030814,Tandridge 008C *,E05007409,Bletchingley and Nutfield (best fit),Tandridge,,,,,,,,,,,,
E01030815,Tandridge 008D,E05007409,Bletchingley and Nutfield,Tandridge,,,,,,,,,,,,
E01030824,Tandridge 009A,E05007394,Godstone,Tandridge,,,,,,,,,,,,
E01030825,Tandridge 009B,E05007394,Godstone,Tandridge,,,,,,,,,,,,
E01030826,Tandridge 009C,E05007394,Godstone,Tandridge,,,,,,,,,,,,
E01030827,Tandridge 009D,E05007394,Godstone,Tandridge,,,,,,,,,,,,
E01030821,Tandridge 010A,E05007392,Dormansland and Felcourt,Tandridge,,,,,,,,,,,,
E01030822,Tandridge 010B,E05007392,Dormansland and Felcourt,Tandridge,,,,,,,,,,,,
E01030833,Tandridge 010C,E05007397,Lingfield and Crowhurst,Tandridge,,,,,,,,,,,,
E01030834,Tandridge 010D,E05007397,Lingfield and Crowhurst,Tandridge,,,,,,,,,,,,
E01030835,Tandridge 010E,E05007397,Lingfield and Crowhurst,Tandridge,,,,,,,,,,,,
E01030816,Tandridge 011A,E05007410,Burstow Horne and Outwood,Tandridge,,,,,,,,,,,,
E01030817,Tandridge 011B *,E05007410,Burstow Horne and Outwood (best fit),Tandridge,,,,,,,,,,,,
E01030818,Tandridge 011C,E05007410,Burstow Horne and Outwood,Tandridge,,,,,,,,,,,,
E01030819,Tandridge 011D,E05007410,Burstow Horne and Outwood,Tandridge,,,,,,,,,,,,
E01030823,Tandridge 011E,E05007393,Felbridge,Tandridge,,,,,,,,,,,,
E01030852,Tandridge 012A,E05007404,Warlingham East and Chelsham & Farleigh,Tandridge,Formerly Tandridge 001B ¶,,,,,,,,,,,
E01030853,Tandridge 012B,E05007404,Warlingham East and Chelsham & Farleigh,Tandridge,Formerly Tandridge 001C ¶,,,,,,,,,,,
E01030854,Tandridge 012C,E05007404,Warlingham East and Chelsham & Farleigh,Tandridge,Formerly Tandridge 001D ¶,,,,,,,,,,,
E01032571,Tandridge 012D,E05007402,Tatsfield and Titsey,Tandridge,Formerly Tandridge 001A (E01030849) ¶,,,,,,,,,,,
E01030890,Waverley 001A,E05007422,Farnham Hale and Heath End,Waverley,,,,,,,,,,,,
E01030902,Waverley 001B,E05007426,Farnham Weybourne and Badshot Lea,Waverley,,,,,,,,,,,,
E01030903,Waverley 001C,E05007426,Farnham Weybourne and Badshot Lea,Waverley,,,,,,,,,,,,
E01030904,Waverley 001D,E05007426,Farnham Weybourne and Badshot Lea,Waverley,,,,,,,,,,,,
E01030891,Waverley 002A,E05007422,Farnham Hale and Heath End,Waverley,,,,,,,,,,,,
E01030892,Waverley 002B,E05007422,Farnham Hale and Heath End,Waverley,,,,,,,,,,,,
E01030899,Waverley 002C,E05007425,Farnham Upper Hale,Waverley,,,,,,,,,,,,
E01030900,Waverley 002D,E05007425,Farnham Upper Hale,Waverley,,,,,,,,,,,,
E01030901,Waverley 002E,E05007425,Farnham Upper Hale,Waverley,,,,,,,,,,,,
E01030884,Waverley 003A,E05007420,Farnham Castle,Waverley,,,,,,,,,,,,
E01030885,Waverley 003B,E05007420,Farnham Castle,Waverley,,,,,,,,,,,,
E01030886,Waverley 003C,E05007420,Farnham Castle,Waverley,,,,,,,,,,,,
E01030893,Waverley 003D,E05007423,Farnham Moor Park,Waverley,,,,,,,,,,,,
E01030895,Waverley 003E,E05007423,Farnham Moor Park,Waverley,,,,,,,,,,,,
E01030881,Waverley 004A,E05007419,Farnham Bourne,Waverley,,,,,,,,,,,,
E01030883,Waverley 004B,E05007419,Farnham Bourne,Waverley,,,,,,,,,,,,
E01030888,Waverley 004C,E05007421,Farnham Firgrove,Waverley,,,,,,,,,,,,
E01030894,Waverley 004D,E05007423,Farnham Moor Park,Waverley,,,,,,,,,,,,
E01030911,Waverley 005A,E05007429,Godalming Binscombe,Waverley,,,,,,,,,,,,
E01030912,Waverley 005B,E05007429,Godalming Binscombe,Waverley,,,,,,,,,,,,
E01030913,Waverley 005C,E05007429,Godalming Binscombe,Waverley,,,,,,,,,,,,
E01030920,Waverley 005D,E05007432,Godalming Farncombe and Catteshall,Waverley,,,,,,,,,,,,
E01030921,Waverley 005E,E05007432,Godalming Farncombe and Catteshall,Waverley,,,,,,,,,,,,
E01030882,Waverley 006A,E05007419,Farnham Bourne,Waverley,,,,,,,,,,,,
E01030887,Waverley 006B,E05007421,Farnham Firgrove,Waverley,,,,,,,,,,,,
E01030889,Waverley 006C,E05007421,Farnham Firgrove,Waverley,,,,,,,,,,,,
E01030896,Waverley 006D,E05007424,Farnham Shortheath and Boundstone,Waverley,,,,,,,,,,,,
E01030897,Waverley 006E,E05007424,Farnham Shortheath and Boundstone,Waverley,,,,,,,,,,,,
E01030916,Waverley 007A,E05007430,Godalming Central and Ockford,Waverley,,,,,,,,,,,,
E01030917,Waverley 007B,E05007431,Godalming Charterhouse,Waverley,,,,,,,,,,,,
E01030918,Waverley 007C,E05007431,Godalming Charterhouse,Waverley,,,,,,,,,,,,
E01030919,Waverley 007D,E05007431,Godalming Charterhouse,Waverley,,,,,,,,,,,,
E01030922,Waverley 007E,E05007432,Godalming Farncombe and Catteshall,Waverley,,,,,,,,,,,,
E01030863,Waverley 008A,E05007412,Blackheath and Wonersh,Waverley,,,,,,,,,,,,
E01030865,Waverley 008B,E05007413,Bramley Busbridge and Hascombe,Waverley,,,,,,,,,,,,
E01030866,Waverley 008C,E05007413,Bramley Busbridge and Hascombe,Waverley,,,,,,,,,,,,
E01030940,Waverley 008D,E05007438,Shamley Green and Cranleigh North,Waverley,,,,,,,,,,,,
E01030898,Waverley 009A,E05007424,Farnham Shortheath and Boundstone,Waverley,,,,,,,,,,,,
E01030905,Waverley 009B,E05007427,Farnham Wrecclesham and Rowledge,Waverley,,,,,,,,,,,,
E01030906,Waverley 009C,E05007427,Farnham Wrecclesham and Rowledge,Waverley,,,,,,,,,,,,
E01030907,Waverley 009D,E05007427,Farnham Wrecclesham and Rowledge,Waverley,,,,,,,,,,,,
E01030914,Waverley 010A,E05007430,Godalming Central and Ockford,Waverley,,,,,,,,,,,,
E01030915,Waverley 010B,E05007430,Godalming Central and Ockford,Waverley,,,,,,,,,,,,
E01030923,Waverley 010C,E05007433,Godalming Holloway,Waverley,,,,,,,,,,,,
E01030924,Waverley 010D,E05007433,Godalming Holloway,Waverley,,,,,,,,,,,,
E01030925,Waverley 010E,E05007433,Godalming Holloway,Waverley,,,,,,,,,,,,
E01030877,Waverley 011A,E05007417,Elstead and Thursley,Waverley,,,,,,,,,,,,
E01030878,Waverley 011B,E05007417,Elstead and Thursley,Waverley,,,,,,,,,,,,
E01030937,Waverley 011C,E05007437,Milford,Waverley,,,,,,,,,,,,
E01030938,Waverley 011D,E05007437,Milford,Waverley,,,,,,,,,,,,
E01030939,Waverley 011E,E05007437,Milford,Waverley,,,,,,,,,,,,
E01030864,Waverley 012A,E05007413,Bramley Busbridge and Hascombe,Waverley,,,,,,,,,,,,
E01030879,Waverley 012B,E05007417,Elstead and Thursley,Waverley,,,,,,,,,,,,
E01030941,Waverley 012C,E05007439,Witley and Hambledon,Waverley,,,,,,,,,,,,
E01030942,Waverley 012D,E05007439,Witley and Hambledon,Waverley,,,,,,,,,,,,
E01030943,Waverley 012E,E05007439,Witley and Hambledon,Waverley,,,,,,,,,,,,
E01030870,Waverley 013A,E05007415,Cranleigh East,Waverley,,,,,,,,,,,,
E01030871,Waverley 013B,E05007415,Cranleigh East,Waverley,,,,,,,,,,,,
E01030872,Waverley 013C,E05007415,Cranleigh East,Waverley,,,,,,,,,,,,
E01030873,Waverley 013D,E05007415,Cranleigh East,Waverley,,,,,,,,,,,,
E01030874,Waverley 013E,E05007416,Cranleigh West,Waverley,,,,,,,,,,,,
E01030875,Waverley 013F,E05007416,Cranleigh West,Waverley,,,,,,,,,,,,
E01030876,Waverley 013G,E05007416,Cranleigh West,Waverley,,,,,,,,,,,,
E01030862,Waverley 015A,E05007411,Alfold Cranleigh Rural and Ellens Green,Waverley,,,,,,,,,,,,
E01030867,Waverley 015B,E05007414,Chiddingfold and Dunsfold,Waverley,,,,,,,,,,,,
E01030868,Waverley 015C,E05007414,Chiddingfold and Dunsfold,Waverley,,,,,,,,,,,,
E01030869,Waverley 015D,E05007414,Chiddingfold and Dunsfold,Waverley,,,,,,,,,,,,
E01030880,Waverley 015E,E05007418,Ewhurst,Waverley,,,,,,,,,,,,
E01030930,Waverley 016A,E05007435,Haslemere East and Grayswood,Waverley,,,,,,,,,,,,
E01030931,Waverley 016B,E05007435,Haslemere East and Grayswood,Waverley,,,,,,,,,,,,
E01030932,Waverley 016C,E05007435,Haslemere East and Grayswood,Waverley,,,,,,,,,,,,
E01030933,Waverley 016D,E05007435,Haslemere East and Grayswood,Waverley,,,,,,,,,,,,
E01030926,Waverley 017A,E05007434,Haslemere Critchmere and Shottermill,Waverley,,,,,,,,,,,,
E01030927,Waverley 017B,E05007434,Haslemere Critchmere and Shottermill,Waverley,,,,,,,,,,,,
E01030928,Waverley 017C,E05007434,Haslemere Critchmere and Shottermill,Waverley,,,,,,,,,,,,
E01030929,Waverley 017D,E05007434,Haslemere Critchmere and Shottermill,Waverley,,,,,,,,,,,,
E01030908,Waverley 018A,E05007428,Frensham Dockenfield and Tilford,Waverley,Formerly Waverley 014A ¶,,,,,,,,,,,
E01030909,Waverley 018B,E05007428,Frensham Dockenfield and Tilford,Waverley,Formerly Waverley 014B ¶,,,,,,,,,,,
E01030910,Waverley 018C,E05007428,Frensham Dockenfield and Tilford,Waverley,Formerly Waverley 014C ¶,,,,,,,,,,,
E01030934,Waverley 018D,E05007436,Hindhead,Waverley,Formerly Waverley 014D ¶,,,,,,,,,,,
E01030935,Waverley 018E,E05007436,Hindhead,Waverley,Formerly Waverley 014E ¶,,,,,,,,,,,
E01032626,Waverley 018F,E05007436,Hindhead,Waverley,Formerly Waverley 014F (E01030936) ¶,,,,,,,,,,,
E01030946,Woking 001A,E05007441,Byfleet,Woking,,,,,,,,,,,,
E01030947,Woking 001B,E05007441,Byfleet,Woking,,,,,,,,,,,,
E01030948,Woking 001C,E05007441,Byfleet,Woking,,,,,,,,,,,,
E01030949,Woking 001D,E05007441,Byfleet,Woking,,,,,,,,,,,,
E01030950,Woking 001E,E05007441,Byfleet,Woking,,,,,,,,,,,,
E01030996,Woking 002A,E05007454,Pyrford,Woking,,,,,,,,,,,,
E01030998,Woking 002B,E05007454,Pyrford,Woking,,,,,,,,,,,,
E01031002,Woking 002C,E05007456,West Byfleet,Woking,,,,,,,,,,,,
E01031003,Woking 002D,E05007456,West Byfleet,Woking,,,,,,,,,,,,
E01031004,Woking 002E,E05007456,West Byfleet,Woking,,,,,,,,,,,,
E01030963,Woking 003A,E05007445,Horsell East and Woodham,Woking,,,,,,,,,,,,
E01030964,Woking 003B,E05007445,Horsell East and Woodham,Woking,,,,,,,,,,,,
E01030965,Woking 003C,E05007445,Horsell East and Woodham,Woking,,,,,,,,,,,,
E01030966,Woking 003D,E05007446,Horsell West,Woking,,,,,,,,,,,,
E01030967,Woking 003E,E05007446,Horsell West,Woking,,,,,,,,,,,,
E01030968,Woking 003F,E05007446,Horsell West,Woking,,,,,,,,,,,,
E01030980,Woking 004A,E05007449,Maybury and Sheerwater,Woking,,,,,,,,,,,,
E01030981,Woking 004B,E05007449,Maybury and Sheerwater,Woking,,,,,,,,,,,,
E01030982,Woking 004C,E05007449,Maybury and Sheerwater,Woking,,,,,,,,,,,,
E01030983,Woking 004D,E05007449,Maybury and Sheerwater,Woking,,,,,,,,,,,,
E01030984,Woking 004E,E05007449,Maybury and Sheerwater,Woking,,,,,,,,,,,,
E01030985,Woking 004F,E05007449,Maybury and Sheerwater,Woking,,,,,,,,,,,,
E01030951,Woking 005A,E05007442,Goldsworth East,Woking,,,,,,,,,,,,
E01030952,Woking 005B,E05007442,Goldsworth East,Woking,,,,,,,,,,,,
E01030953,Woking 005C,E05007442,Goldsworth East,Woking,,,,,,,,,,,,
E01030956,Woking 005D,E05007443,Goldsworth West,Woking,,,,,,,,,,,,
E01030957,Woking 005E,E05007443,Goldsworth West,Woking,,,,,,,,,,,,
E01030958,Woking 005F,E05007443,Goldsworth West,Woking,,,,,,,,,,,,
E01030959,Woking 005G,E05007443,Goldsworth West,Woking,,,,,,,,,,,,
E01030988,Woking 006A,E05007451,Mount Hermon East,Woking,,,,,,,,,,,,
E01030989,Woking 006B,E05007451,Mount Hermon East,Woking,,,,,,,,,,,,
E01030990,Woking 006C,E05007451,Mount Hermon East,Woking,,,,,,,,,,,,
E01030997,Woking 006D,E05007454,Pyrford,Woking,,,,,,,,,,,,
E01030974,Woking 007A,E05007448,Knaphill,Woking,,,,,,,,,,,,
E01030975,Woking 007B,E05007448,Knaphill,Woking,,,,,,,,,,,,
E01030976,Woking 007C,E05007448,Knaphill,Woking,,,,,,,,,,,,
E01030977,Woking 007D,E05007448,Knaphill,Woking,,,,,,,,,,,,
E01030979,Woking 007E,E05007448,Knaphill,Woking,,,,,,,,,,,,
E01030954,Woking 008A,E05007442,Goldsworth East,Woking,,,,,,,,,,,,
E01030969,Woking 008B,E05007446,Horsell West,Woking,,,,,,,,,,,,
E01030970,Woking 008C,E05007446,Horsell West,Woking,,,,,,,,,,,,
E01030991,Woking 008D,E05007452,Mount Hermon West,Woking,,,,,,,,,,,,
E01030993,Woking 008E,E05007452,Mount Hermon West,Woking,,,,,,,,,,,,
E01030960,Woking 009A,E05007444,Hermitage and Knaphill South,Woking,,,,,,,,,,,,
E01030961,Woking 009B,E05007444,Hermitage and Knaphill South,Woking,,,,,,,,,,,,
E01030962,Woking 009C,E05007444,Hermitage and Knaphill South,Woking,,,,,,,,,,,,
E01031000,Woking 009D,E05007455,St John`s and Hook Heath,Woking,,,,,,,,,,,,
E01030955,Woking 010A,E05007442,Goldsworth East,Woking,,,,,,,,,,,,
E01030992,Woking 010B,E05007452,Mount Hermon West,Woking,,,,,,,,,,,,
E01030999,Woking 010C,E05007455,St John`s and Hook Heath,Woking,,,,,,,,,,,,
E01031001,Woking 010D,E05007455,St John`s and Hook Heath,Woking,,,,,,,,,,,,
E01030971,Woking 011A,E05007447,Kingfield and Westfield,Woking,,,,,,,,,,,,
E01030972,Woking 011B,E05007447,Kingfield and Westfield,Woking,,,,,,,,,,,,
E01030973,Woking 011C,E05007447,Kingfield and Westfield,Woking,,,,,,,,,,,,
E01030994,Woking 011D,E05007453,Old Woking,Woking,,,,,,,,,,,,
E01030995,Woking 011E,E05007453,Old Woking,Woking,,,,,,,,,,,,
E01030944,Woking 012A,E05007440,Brookwood,Woking,,,,,,,,,,,,
E01030945,Woking 012B,E05007440,Brookwood,Woking,,,,,,,,,,,,
E01030978,Woking 012C,E05007448,Knaphill,Woking,,,,,,,,,,,,
E01030986,Woking 012D,E05007450,Mayford and Sutton Green,Woking,,,,,,,,,,,,
E01030987,Woking 012E,E05007450,Mayford and Sutton Green,Woking,,,,,,,,,,,,
,,,,,,,,,,,,,,,,
,,,,,,,,,,,,,,,,
"* Ward boundaries are revised from time to time, but the LSOA boundaries will only be revised if they become too small or too",,,,,,,,,,,,,,,,
"large (when they will be split in 2 or combined with a neighbouring LSOA) This means that over time, LSOAs will not fit in",,,,,,,,,,,,,,,,
"wards. This table shows the ""best fit"" of LSOAs to current wards.  In Surrey the only change to wards since 2001 was a",,,,,,,,,,,,,,,,
"revision of the boundary between Bletchingley & Nutfield and Burstow, Horne & Outwood in Tandridge.",,,,,,,,,,,,,,,,
LSOAs affected by the change are indicated by *,,,,,,,,,,,,,,,,
,,,,,,,,,,,,,,,,
¶ The names and in some cases codes of these LSOAs was changed in 2011,,,,,,,,,,,,,,,,
